Accuracy,F1,MAE,MSE,R2
0.8491349883067268,0.8099436753617488,0.1508650116932731,0.1508650116932731,-0.15768653167976332
