Accuracy,F1,MAE,MSE,R2
0.8490768850863559,0.8098204182629162,0.1509231149136441,0.1509231149136441,-0.15813239593228778
