Accuracy,F1,MAE,MSE,R2
0.8489316270354285,0.811038649480647,0.15106837296457157,0.15106837296457157,-0.15924705656359905
