Accuracy,F1,MAE,MSE,R2
0.8491059366965414,0.8098403322964005,0.1508940633034586,0.1508940633034586,-0.15790946380602566
