Accuracy,F1,MAE,MSE,R2
0.8490914108914487,0.8098303751462873,0.15090858910855134,0.15090858910855134,-0.1580209298691566
